NR,EXPERIMENTAL,ACC,RT,TIME,LEVEL,REVERSAL,REVERSAL_COUNT,TRIAL_TYPE
1,0,1,6.243387060000259,10,3,0,0,row
2,0,1,0.6554138790002071,10,3,0,0,row
3,0,-1,1.8829597939998166,13,4,0,0,diagonal
4,0,-1,0.3594768039997689,13,4,0,0,diagonal
