NR,EXPERIMENTAL,ACC,RT,TIME,LEVEL,REVERSAL,REVERSAL_COUNT,TRIAL_TYPE
1,0,-1,1.1105881590001445,10,3,0,0,column
2,0,-1,0.4225662840003679,10,3,0,0,column
3,0,-1,0.598266004999914,13,4,0,0,diagonal
4,0,1,0.35902300199995807,13,4,0,0,diagonal
